{"accuracy": [0.5955895781517029, 0.8200247883796692, 0.8792762160301208, 0.913229763507843, 0.939524233341217, 0.9511410593986511, 0.9626154899597168, 0.9681676626205444, 0.9740899205207825, 0.9794570207595825], "loss": [1.4694218635559082, 0.5996080636978149, 0.3966895341873169, 0.2840951383113861, 0.19555824995040894, 0.1550276279449463, 0.11938627064228058, 0.10091473907232285, 0.08244045078754425, 0.06541981548070908], "val_accuracy": [0.7641966342926025, 0.8501452207565308, 0.9493649005889893, 0.930682897567749, 0.943897008895874, 0.9741413593292236, 0.9665091037750244, 0.9744831323623657, 0.9809762239456177, 0.9629207849502563], "val_loss": [0.7511005997657776, 0.5054849982261658, 0.16578830778598785, 0.22377319633960724, 0.17120490968227386, 0.07926646620035172, 0.10362010449171066, 0.07588333636522293, 0.0612296387553215, 0.11920716613531113]}